id;name;jhi_tables;reserved_at;reservation_time
1;Money Market Account;61165;2019-06-08T08:34:09;2019-06-08T20:59:37
2;Home Namibia;39986;2019-06-08T17:48:55;2019-06-08T20:02:36
3;Coordinator;23277;2019-06-08T10:13:03;2019-06-08T18:59:19
4;Savings Account syndicate Planner;46676;2019-06-08T20:02:54;2019-06-08T00:31:29
5;Yuan Renminbi Centers;1326;2019-06-07T22:23:25;2019-06-07T22:33:02
6;South Dakota envisioneer Music;23089;2019-06-08T04:44:30;2019-06-08T15:22:43
7;Bahamian Dollar Investment Account;83319;2019-06-08T20:20:16;2019-06-08T17:00:09
8;incentivize Tuna copy;42515;2019-06-08T08:40:54;2019-06-08T16:10:22
9;Georgia Industrial;84228;2019-06-08T02:33:37;2019-06-08T10:22:09
10;e-enable Communications capacitor;32654;2019-06-08T19:02:22;2019-06-08T07:28:22
